{"stats":{"minecraft:killed_by":{"minecraft:creeper":2,"mekanismadditions:baby_skeleton":1,"minecraft:blaze":4,"born_in_chaos_v1:scarlet_persecutor":1,"minecraft:player":1,"born_in_chaos_v1:fallen_chaos_knight":1,"minecraft:hoglin":1,"minecraft:skeleton":1,"minecraft:phantom":1},"minecraft:broken":{"create_sa:zinc_chestplate":1,"create_sa:zinc_helmet":1,"minecraft:stone_pickaxe":17,"minecraft:diamond_pickaxe":4,"minecraft:stone_axe":1,"create_sa:zinc_boots":1,"create_sa:zinc_leggings":1,"minecraft:wooden_pickaxe":1,"minecraft:iron_helmet":1},"minecraft:crafted":{"minecraft:brick":38,"minecraft:oak_planks":456,"minecraft:barrel":2,"toms_storage:ts.inventory_cable_connector":1,"custommachinery:custom_machine_item":1,"create_sa:copper_chestplate":1,"botanypots:terracotta_hopper_botany_pot":8,"createaddition:rolling_mill":1,"minecraft:stone":64,"croptopia:cabbage_seed":5,"minecraft:cracked_stone_bricks":1,"sophisticatedstorage:gold_to_diamond_tier_upgrade":1,"create:vertical_gearbox":1,"minecraft:glass":41,"minecraft:hopper":17,"create:mechanical_press":1,"toms_storage:ts.storage_terminal":1,"minecraft:comparator":5,"minecraft:chiseled_quartz_block":1,"minecraft:stone_hoe":1,"create:cogwheel":18,"minecraft:flower_pot":9,"immersiveengineering:ingot_aluminum":2,"create_sa:copper_leggings":1,"minecraft:glass_bottle":3,"mekanism:ingot_tin":54,"toms_storage:ts.crafting_terminal":1,"minecraft:oak_slab":6,"create:rose_quartz":6,"minecraft:diamond_axe":1,"minecraft:crafting_table":7,"create:mechanical_saw":1,"minecraft:wooden_pickaxe":1,"create:zinc_nugget":180,"croptopia:soybean_seed":2,"minecraft:smithing_table":1,"toms_storage:ts.wireless_terminal":2,"create:sand_paper":3,"minecraft:gold_block":8,"croptopia:tofu":330,"create:gearbox":1,"minecraft:paper":3,"minecraft:diamond_pickaxe":6,"create:water_wheel":1,"minecraft:stick":188,"quark:oak_chest":19,"minecraft:iron_ingot":50,"minecraft:compass":1,"minecraft:iron_block":1,"minecraft:gold_ingot":54,"create:large_cogwheel":6,"minecraft:redstone_torch":19,"sophisticatedstorage:smelting_upgrade":1,"create:empty_blaze_burner":4,"minecraft:redstone":9,"croptopia:cooking_pot":1,"minecraft:spyglass":2,"croptopia:cabbage_roll":206,"akashictome:tome":3,"minecraft:furnace":2,"minecraft:bone_meal":9,"create_sa:copper_helmet":1,"minecraft:terracotta":17,"sophisticatedstorage:upgrade_base":4,"create:millstone":1,"minecraft:stone_pickaxe":19,"minecraft:redstone_block":8,"toms_storage:ts.inventory_connector":1,"create:basin":1,"sophisticatedstorage:blasting_upgrade":2,"create:electron_tube":1,"croptopia:frying_pan":1,"dankstorage:dank_1":2,"sophisticatedstorage:copper_to_iron_tier_upgrade":1,"minecraft:wheat":63,"croptopia:onion_seed":1,"dankstorage:dank_2":1,"create:andesite_alloy":27,"create:hand_crank":1,"minecraft:diamond_sword":1,"sophisticatedstorage:iron_to_gold_tier_upgrade":1,"croptopia:water_bottle":224,"sophisticatedstorage:crafting_upgrade":1,"create:large_water_wheel":1,"sophisticatedstorage:auto_blasting_upgrade":1,"minecraft:bucket":8,"minecraft:stone_axe":2,"minecraft:glowstone":2,"minecraft:air":0,"minecraft:bread":21,"croptopia:rice_seed":2,"create_sa:copper_boots":1,"sophisticatedstorage:basic_to_copper_tier_upgrade":1,"botanypots:terracotta_botany_pot":3,"minecraft:torch":448,"create:zinc_ingot":14,"minecraft:clay":50,"dankstorage:dank_3":1},"minecraft:picked_up":{"minecraft:flower_pot":3,"minecraft:prismarine_shard":2,"mekanism:raw_uranium":108,"minecraft:potion":1,"minecraft:enchanted_book":3,"croptopia:cabbage_seed":36,"toms_storage:ts.trim":16,"minecraft:brewing_stand":1,"twigs:bloodstone":10,"minecraft:polished_blackstone_brick_stairs":1,"minecraft:string":4,"minecraft:raw_copper":156,"spirit:broken_spawner":1,"minecraft:red_nether_bricks":3,"sophisticatedstorage:diamond_barrel":1,"create:mechanical_press":7,"mysticalagriculture:inferium_essence":171,"minecraft:gold_nugget":93,"minecraft:cobbled_deepslate":3580,"minecraft:bucket":14,"twigs:pebble":640,"minecraft:spruce_planks":52,"minecraft:wooden_shovel":1,"minecraft:stick":2,"minecraft:big_dripleaf":7,"minecraft:torch":126,"minecraft:farmland":4,"create:andesite_casing":9,"minecraft:spruce_stairs":2,"born_in_chaos_v1:pileof_dark_metal":1,"minecraft:porkchop":19,"minecraft:diorite":40,"toms_storage:ts.inventory_cable_connector":7,"mekanism:raw_tin":39,"create:large_cogwheel":3,"minecraft:rotten_flesh":13,"minecraft:tropical_fish":2,"toms_storage:ts.inventory_connector":2,"minecraft:cyan_terracotta":31,"immersiveengineering:plate_iron":24,"minecraft:obsidian":7,"minecraft:iron_bars":3,"croptopia:cabbage":31,"minecraft:cobblestone":2906,"mysticalagriculture:enderman_essence":14,"croptopia:water_bottle":208,"minecraft:water_bucket":1,"minecraft:andesite":482,"minecraft:potato":1,"minecraft:flint":157,"minecraft:stripped_spruce_wood":7,"minecraft:tuff":411,"create:raw_zinc":179,"minecraft:gray_concrete":4,"minecraft:lapis_lazuli":110,"minecraft:dirt":105,"minecraft:lantern":1,"minecraft:twisting_vines":1,"bhc:red_heart":8,"minecraft:bone":16,"minecraft:deepslate_brick_slab":1,"minecraft:raw_gold":81,"immersiveengineering:plate_aluminum":2,"create:shaft":37,"mysticalagriculture:soulium_dust":1,"minecraft:glowstone_dust":246,"twigs:twig":59,"minecraft:stone_hoe":2,"minecraft:oak_planks":2,"immersiveengineering:ingot_nickel":1,"create:cogwheel":3,"create:empty_blaze_burner":1,"croptopia:rice":13,"immersiveengineering:raw_aluminum":13,"minecraft:ink_sac":1,"born_in_chaos_v1:fire_dust":16,"minecraft:diamond":46,"minecraft:granite":22,"minecraft:bone_meal":10,"croptopia:onion_seed":14,"minecraft:emerald":10,"minecraft:bread":1,"immersiveengineering:raw_nickel":49,"minecraft:oak_sapling":103,"born_in_chaos_v1:rotten_fish":1,"twigs:rhyolite":89,"minecraft:netherrack":345,"minecraft:crimson_roots":16,"minecraft:diamond_pickaxe":1,"minecraft:crafting_table":5,"born_in_chaos_v1:diamond_termite_shard":7,"create_new_age:thorium":116,"mysticalagriculture:soulstone_cobble":70,"kubejs:botany_pot_base":1,"minecraft:clay_ball":227,"toms_storage:ts.storage_terminal":2,"croptopia:onion":11,"createaddition:rolling_mill":4,"minecraft:shield":1,"immersiveengineering:stick_iron":2,"minecraft:iron_axe":1,"born_in_chaos_v1:intoxicating_decoction":3,"minecraft:quartz_slab":2,"create:scorchia":54,"croptopia:soybean":19,"minecraft:candle":3,"create:basin":5,"sophisticatedstorage:barrel":3,"minecraft:spruce_trapdoor":1,"minecraft:raw_iron":273,"minecraft:stone":56,"croptopia:soybean_seed":16,"minecraft:copper_ingot":3,"minecraft:polished_blackstone_bricks":1,"create:hand_crank":1,"born_in_chaos_v1:pieceofdarkmetal":1,"minecraft:carrot":104,"minecraft:redstone":591,"create:vertical_gearbox":1,"minecraft:arrow":5,"minecraft:decorated_pot":2,"sophisticatedstorage:smelting_upgrade":1,"minecraft:deepslate_bricks":19,"minecraft:hay_block":7,"sophisticatedstorage:auto_blasting_upgrade":1,"born_in_chaos_v1:spiny_shell":3,"immersiveengineering:plate_nickel":1,"minecraft:stripped_oak_log":5,"born_in_chaos_v1:corpse_maggot":1,"minecraft:basalt":112,"minecraft:leather":4,"croptopia:glowing_calamari":2,"minecraft:oak_log":189,"kubejs:incomplete_cavoid":1,"create:andesite_alloy":5,"functionalstorage:storage_controller":1,"croptopia:rice_seed":17,"minecraft:apple":12,"minecraft:kelp":1,"minecraft:iron_ingot":80,"minecraft:stone_pickaxe":1,"minecraft:soul_sand":4,"create:mechanical_saw":12,"minecraft:book":1,"dankstorage:dank_1":1,"toms_storage:ts.inventory_cable":39,"minecraft:smooth_basalt":10,"minecraft:warped_fungus":3,"create:large_water_wheel":2,"croptopia:starfruit":21,"born_in_chaos_v1:ethereal_spirit":3,"minecraft:quartz":29,"minecraft:gravel":1216,"minecraft:amethyst_shard":44,"minecraft:blast_furnace":2,"croptopia:starfruit_sapling":1,"quark:oak_chest":3,"mekanism:raw_osmium":26,"minecraft:spider_eye":1,"create:millstone":3,"elevatorid:elevator_gray":3,"mekanism:fluorite_gem":124,"minecraft:diamond_axe":1,"minecraft:warped_roots":1,"minecraft:damaged_anvil":3,"minecraft:warped_nylium":2,"minecraft:coal":502,"immersiveengineering:raw_silver":17,"botanypots:terracotta_botany_pot":6,"minecraft:ender_pearl":5},"minecraft:mined":{"create:deepslate_zinc_ore":146,"minecraft:spruce_planks":54,"minecraft:farmland":2,"create:andesite_casing":9,"minecraft:red_nether_bricks":3,"minecraft:brewing_stand":1,"minecraft:obsidian":7,"minecraft:spruce_trapdoor":2,"minecraft:granite":71,"toms_storage:ts.inventory_cable_connector":7,"minecraft:deepslate_bricks":19,"mysticalagriculture:inferium_ore":27,"minecraft:spawner":1,"minecraft:polished_blackstone_bricks":1,"minecraft:glowstone":79,"minecraft:red_nether_brick_stairs":2,"minecraft:iron_ore":180,"minecraft:fire":6,"minecraft:cobbled_deepslate":16,"toms_storage:ts.storage_terminal":2,"toms_storage:ts.trim":16,"immersiveengineering:deepslate_ore_silver":17,"minecraft:deepslate_lapis_ore":13,"twigs:silt":1,"immersiveengineering:deepslate_ore_nickel":49,"toms_storage:ts.inventory_connector":2,"minecraft:iron_bars":1,"create:mechanical_press":7,"minecraft:deepslate_redstone_ore":129,"mekanism:osmium_ore":3,"create:cogwheel":3,"minecraft:cyan_terracotta":34,"minecraft:blackstone":18,"botanypots:terracotta_botany_pot":6,"minecraft:crimson_nylium":7,"minecraft:clay":64,"minecraft:torch":9,"minecraft:blast_furnace":2,"mekanism:tin_ore":32,"minecraft:nether_quartz_ore":29,"minecraft:cobblestone":12,"minecraft:damaged_anvil":1,"minecraft:oak_planks":1,"minecraft:wall_torch":11,"create:large_water_wheel":2,"create:basin":5,"mysticalagriculture:soulium_ore":1,"minecraft:warped_fungus":1,"mekanism:deepslate_tin_ore":9,"minecraft:oak_log":175,"create:hand_crank":1,"minecraft:dirt":110,"minecraft:smooth_basalt":23,"twigs:rhyolite":155,"minecraft:oak_leaves":46,"minecraft:netherrack":398,"mysticalagriculture:deepslate_inferium_ore":22,"minecraft:deepslate":2504,"croptopia:cabbage_crop":1,"create:zinc_ore":33,"minecraft:nether_gold_ore":28,"mysticalagriculture:soulstone":70,"minecraft:tuff":283,"create:millstone":3,"minecraft:deepslate_diamond_ore":35,"minecraft:candle":1,"mekanism:deepslate_osmium_ore":19,"create:large_cogwheel":1,"minecraft:decorated_pot":1,"minecraft:weeping_vines":1,"minecraft:crimson_roots":16,"create_new_age:thorium_ore":32,"croptopia:starfruit_sapling":1,"minecraft:hay_block":6,"minecraft:deepslate_brick_slab":1,"minecraft:redstone_ore":1,"createaddition:rolling_mill":4,"create:shaft":1,"minecraft:carrots":10,"minecraft:nether_sprouts":1,"minecraft:andesite":412,"create:scorchia":28,"elevatorid:elevator_gray":3,"minecraft:deepslate_iron_ore":91,"minecraft:stripped_oak_log":5,"minecraft:stone":3026,"immersiveengineering:ore_aluminum":13,"minecraft:gray_concrete":5,"minecraft:soul_sand":4,"quark:oak_chest":2,"functionalstorage:storage_controller":1,"minecraft:basalt":144,"minecraft:crafting_table":5,"minecraft:emerald_ore":9,"minecraft:copper_ore":49,"minecraft:lapis_ore":5,"minecraft:deepslate_gold_ore":75,"minecraft:polished_blackstone_brick_stairs":1,"minecraft:diorite":62,"create:mechanical_saw":12,"minecraft:spruce_stairs":2,"create:blaze_burner":1,"sophisticatedstorage:barrel":3,"minecraft:stripped_spruce_wood":7,"create:gearbox":1,"twigs:bloodstone":10,"toms_storage:ts.inventory_cable":39,"sophisticatedstorage:diamond_barrel":1,"minecraft:coal_ore":432,"minecraft:flower_pot":1,"mekanism:deepslate_fluorite_ore":37,"minecraft:gravel":1406,"minecraft:cobweb":1,"mekanism:deepslate_uranium_ore":114,"minecraft:stone_bricks":1,"minecraft:gold_ore":6},"minecraft:custom":{"lootr:looted_stat":18,"minecraft:interact_with_crafting_table":171,"minecraft:open_barrel":361,"minecraft:leave_game":19,"minecraft:time_since_death":17278,"minecraft:damage_resisted":2304,"minecraft:sprint_one_cm":1341958,"minecraft:damage_blocked_by_shield":1389,"minecraft:drop":302,"minecraft:play_time":819262,"minecraft:deaths":17,"minecraft:jump":9963,"minecraft:interact_with_brewingstand":1,"minecraft:walk_on_water_one_cm":36675,"minecraft:interact_with_furnace":32,"minecraft:interact_with_cartography_table":1,"minecraft:waystone_activated":2,"minecraft:damage_dealt":18856,"minecraft:player_kills":1,"minecraft:crouch_one_cm":82336,"minecraft:interact_with_smoker":38,"minecraft:use_cauldron":1,"minecraft:interact_with_smithing_table":2,"minecraft:interact_with_anvil":4,"minecraft:mob_kills":76,"minecraft:inspect_hopper":6,"minecraft:damage_dealt_resisted":174,"minecraft:climb_one_cm":11899,"minecraft:walk_one_cm":1719300,"minecraft:damage_dealt_absorbed":2666,"minecraft:sneak_time":31271,"minecraft:walk_under_water_one_cm":715,"minecraft:interact_with_blast_furnace":38,"minecraft:total_world_time":819262,"minecraft:pot_flower":214,"minecraft:interact_with_stonecutter":1,"minecraft:time_since_rest":17302,"minecraft:damage_taken":11971,"minecraft:swim_one_cm":695,"minecraft:fly_one_cm":1497598,"minecraft:open_chest":155,"minecraft:fall_one_cm":187833},"minecraft:used":{"create:scorchia":2,"elevatorid:elevator_gray":3,"minecraft:shield":24,"croptopia:onion_seed":8,"minecraft:decorated_pot":2,"toms_storage:ts.storage_terminal":2,"croptopia:cabbage_seed":15,"create:cogwheel":26,"toms_storage:ts.inventory_cable":39,"minecraft:carrot":105,"minecraft:big_dripleaf":1,"born_in_chaos_v1:corpse_maggot":1,"minecraft:lava_bucket":18,"minecraft:cyan_terracotta":7,"croptopia:deep_fried_shrimp":1,"create:millstone":3,"minecraft:warped_fungus":1,"create:shaft":1,"minecraft:oak_sapling":35,"minecraft:furnace":1,"minecraft:stripped_spruce_wood":5,"minecraft:damaged_anvil":3,"toms_storage:ts.inventory_connector":3,"minecraft:oak_planks":25,"minecraft:stone_pickaxe":2351,"croptopia:stuffed_poblanos":1,"minecraft:wooden_pickaxe":59,"minecraft:diamond_axe":221,"create:mechanical_saw":12,"createaddition:rolling_mill":4,"botanypots:terracotta_botany_pot":6,"sophisticatedstorage:iron_to_gold_tier_upgrade":1,"custommachinery:custom_machine_item":1,"croptopia:peanut_butter_with_celery":1,"minecraft:bread":19,"akashictome:tome":1,"minecraft:gravel":1,"sophisticatedstorage:gold_to_diamond_tier_upgrade":1,"minecraft:diamond_sword":392,"create:basin":5,"create:vertical_gearbox":2,"sophisticatedstorage:diamond_barrel":1,"twigs:bloodstone":3,"mining_dimension:teleporter":1,"minecraft:bone_meal":19,"create:large_cogwheel":9,"minecraft:experience_bottle":3,"croptopia:cabbage_roll":54,"croptopia:starfruit":21,"minecraft:spruce_planks":33,"minecraft:stone_hoe":57,"minecraft:netherrack":204,"simpletomb:grave_key":28,"minecraft:torch":300,"minecraft:dirt":54,"toms_storage:ts.crafting_terminal":1,"minecraft:hopper":6,"toms_storage:ts.trim":29,"twigs:rhyolite":20,"croptopia:starfruit_sapling":1,"toms_storage:ts.inventory_cable_connector":7,"minecraft:smooth_basalt":10,"minecraft:basalt":89,"sophisticatedstorage:basic_to_copper_tier_upgrade":1,"minecraft:cobbled_deepslate":504,"minecraft:water_bucket":18,"botanypots:terracotta_hopper_botany_pot":8,"croptopia:stuffed_artichoke":1,"croptopia:rice_seed":5,"minecraft:glass_bottle":3,"create:empty_blaze_burner":1,"minecraft:crafting_table":8,"croptopia:soybean_seed":6,"minecraft:flower_pot":1,"croptopia:cabbage":1,"minecraft:diamond_pickaxe":6753,"mysticalagriculture:soulstone_cobble":16,"minecraft:apple":11,"create:mechanical_press":8,"sophisticatedstorage:copper_to_iron_tier_upgrade":1,"create:large_water_wheel":3,"minecraft:crimson_nylium":11,"minecraft:stone_axe":128,"sophisticatedstorage:barrel":3,"minecraft:cobblestone":111,"minecraft:bucket":49,"quark:oak_chest":5,"create:hand_crank":1,"minecraft:stripped_oak_log":1},"minecraft:dropped":{"minecraft:crimson_nylium":1,"minecraft:soul_sand":2,"minecraft:diamond_axe":1,"minecraft:oak_log":2,"minecraft:diamond":1,"minecraft:warped_roots":1,"minecraft:cracked_stone_bricks":1,"born_in_chaos_v1:pileof_dark_metal":1,"kubejs:mining_dimension_core":1,"minecraft:flint":5,"minecraft:emerald":1,"twigs:pebble":66,"minecraft:cyan_terracotta":20,"minecraft:dirt":27,"minecraft:gray_concrete":4,"create:scorchia":26,"minecraft:crimson_roots":7,"minecraft:gold_nugget":8,"minecraft:polished_blackstone_bricks":1,"mysticalagriculture:soulstone_cobble":54,"croptopia:soybean":1,"twigs:twig":12,"minecraft:bone":4,"minecraft:gravel":253,"minecraft:stone_axe":1,"minecraft:compass":1,"immersiveengineering:plate_iron":2,"minecraft:sugar_cane":1,"croptopia:cabbage_roll":66,"born_in_chaos_v1:fire_dust":7,"minecraft:cobbled_deepslate":2865,"minecraft:twisting_vines":1,"minecraft:obsidian":7,"sophisticatedstorage:smelting_upgrade":1,"minecraft:rotten_flesh":13,"minecraft:carrot":29,"mysticalagriculture:inferium_essence":1,"immersiveengineering:ingot_aluminum":2,"minecraft:basalt":8,"minecraft:glass":39,"create:mechanical_press":1,"create:andesite_alloy":11,"minecraft:water_bucket":13,"minecraft:iron_ingot":141,"minecraft:bread":3,"minecraft:oak_slab":2,"dankstorage:dank_1":1,"create:mechanical_saw":1,"simpletomb:grave_key":1,"minecraft:cobblestone":1373,"immersiveengineering:ingot_nickel":2,"minecraft:granite":17,"create:zinc_nugget":8,"minecraft:copper_ingot":5,"minecraft:tropical_fish":2,"minecraft:lava_bucket":1,"twigs:bloodstone":7,"minecraft:diorite":7,"minecraft:torch":102,"minecraft:potion":3,"minecraft:string":1,"minecraft:bucket":3,"create:sand_paper":1,"minecraft:redstone":115,"twigs:rhyolite":69,"minecraft:kelp":1,"minecraft:warped_nylium":1,"create:shaft":7,"minecraft:tuff":247,"born_in_chaos_v1:rotten_fish":1,"mining_dimension:teleporter":1,"toms_storage:ts.wireless_terminal":1,"minecraft:big_dripleaf":2,"minecraft:stone":113,"minecraft:flower_pot":25,"minecraft:spruce_trapdoor":1,"minecraft:diamond_pickaxe":1,"minecraft:andesite":46,"minecraft:oak_sapling":5,"create:hand_crank":1,"minecraft:spider_eye":1,"minecraft:stone_pickaxe":2},"minecraft:killed":{"born_in_chaos_v1:zombie_clown":2,"minecraft:spider":3,"born_in_chaos_v1:scarlet_persecutor":3,"minecraft:magma_cube":1,"minecraft:piglin":4,"mekanismadditions:baby_enderman":2,"minecraft:zombie_villager":1,"born_in_chaos_v1:diamond_termite":6,"born_in_chaos_v1:bone_imp":6,"minecraft:zombie":3,"minecraft:blaze":6,"born_in_chaos_v1:thornshell_crab":1,"born_in_chaos_v1:firelight":9,"born_in_chaos_v1:maggot":4,"mekanismadditions:baby_skeleton":2,"born_in_chaos_v1:barrel_zombie":2,"minecraft:hoglin":7,"minecraft:enderman":6}},"DataVersion":3120}