{"stats":{"minecraft:used":{"functionalstorage:linking_tool":16,"minecraft:decorated_pot":3,"minecraft:shield":46,"minecraft:iron_sword":111,"croptopia:sea_lettuce":1,"minecraft:red_nether_brick_stairs":1,"minecraft:rotten_flesh":3,"croptopia:cabbage_seed":2,"minecraft:carrot":139,"functionalstorage:fluid_1":1,"minecraft:obsidian":10,"minecraft:big_dripleaf":58,"minecraft:cyan_terracotta":2,"minecraft:grass_block":1,"create:millstone":1,"chipped:inlayed_redstone_lamp":1,"minecraft:crimson_roots":5,"minecraft:oak_sapling":37,"minecraft:oak_planks":4,"minecraft:stone_pickaxe":2235,"minecraft:blackstone":3,"minecraft:clay":12,"minecraft:blast_furnace":1,"minecraft:gray_concrete":1,"functionalstorage:storage_controller":2,"botanypots:terracotta_botany_pot":2,"waystones:waystone":1,"trofers:large_pillar":1,"minecraft:bread":8,"minecraft:diamond_sword":16,"minecraft:andesite":13,"minecraft:bone_meal":6,"minecraft:stone_sword":131,"croptopia:cabbage_roll":27,"minecraft:flint_and_steel":1,"croptopia:starfruit":3,"minecraft:spruce_planks":1,"functionalstorage:configuration_tool":11,"minecraft:netherrack":55,"simpletomb:grave_key":26,"minecraft:torch":76,"minecraft:dirt":70,"minecraft:cobblestone_wall":25,"croptopia:starfruit_sapling":1,"minecraft:iron_axe":142,"minecraft:polished_blackstone_brick_stairs":1,"minecraft:cooked_beef":4,"minecraft:cobbled_deepslate":696,"minecraft:water_bucket":5,"botanypots:terracotta_hopper_botany_pot":2,"minecraft:deepslate_bricks":4,"minecraft:crafting_table":5,"croptopia:soybean_seed":1,"functionalstorage:oak_4":10,"minecraft:diamond_pickaxe":52,"minecraft:apple":8,"create:mechanical_press":2,"minecraft:iron_pickaxe":199,"minecraft:spruce_trapdoor":1,"minecraft:stone_axe":207,"sophisticatedstorage:barrel":1,"minecraft:fishing_rod":9,"minecraft:cobblestone":125,"minecraft:bucket":7,"create:hand_crank":1},"minecraft:broken":{"minecraft:golden_boots":1,"minecraft:iron_boots":1,"minecraft:iron_leggings":1,"minecraft:stone_pickaxe":17,"minecraft:stone_axe":2,"minecraft:stone_sword":1,"minecraft:shield":1,"minecraft:iron_axe":1,"minecraft:iron_helmet":1},"minecraft:picked_up":{"mekanism:raw_uranium":9,"minecraft:enchanted_book":2,"croptopia:cabbage_seed":10,"minecraft:stone_brick_stairs":1,"minecraft:amethyst_block":1,"twigs:bloodstone":10,"minecraft:polished_blackstone_brick_stairs":1,"minecraft:string":4,"minecraft:raw_copper":42,"create:mechanical_press":3,"mysticalagriculture:inferium_essence":61,"minecraft:gold_nugget":66,"minecraft:cobbled_deepslate":1155,"minecraft:bucket":3,"twigs:pebble":64,"minecraft:spruce_planks":1,"minecraft:calcite":1,"born_in_chaos_v1:shattered_skull":1,"minecraft:big_dripleaf":59,"minecraft:torch":32,"mysticalagriculture:prosperity_shard":14,"create:andesite_casing":5,"born_in_chaos_v1:pileof_dark_metal":1,"minecraft:porkchop":4,"minecraft:diorite":87,"mekanism:raw_tin":15,"minecraft:rotten_flesh":46,"minecraft:polished_basalt":1,"minecraft:iron_block":1,"minecraft:cyan_terracotta":3,"immersiveengineering:plate_iron":6,"minecraft:obsidian":22,"croptopia:cabbage":4,"minecraft:cobblestone":1367,"mysticalagriculture:enderman_essence":10,"minecraft:water_bucket":14,"minecraft:andesite":149,"minecraft:flint":7,"minecraft:tuff":80,"create:raw_zinc":14,"minecraft:gray_concrete":2,"minecraft:lapis_lazuli":54,"minecraft:dirt":161,"bhc:red_heart":9,"minecraft:glass":39,"minecraft:bone":14,"minecraft:chipped_anvil":1,"minecraft:raw_gold":15,"ftbquests:book":1,"create:shaft":7,"mysticalagriculture:soulium_dust":7,"minecraft:glowstone_dust":28,"twigs:twig":44,"minecraft:sand":1,"minecraft:ink_sac":1,"minecraft:clay":4,"born_in_chaos_v1:fire_dust":21,"minecraft:diamond":7,"minecraft:granite":148,"minecraft:emerald":3,"minecraft:bread":3,"minecraft:oak_sapling":92,"born_in_chaos_v1:rotten_fish":1,"twigs:rhyolite":44,"minecraft:netherrack":287,"minecraft:crimson_roots":32,"minecraft:diamond_pickaxe":1,"minecraft:fishing_rod":1,"born_in_chaos_v1:diamond_termite_shard":7,"minecraft:clay_ball":597,"minecraft:gold_block":1,"minecraft:iron_axe":1,"minecraft:quartz_slab":2,"croptopia:soybean":2,"minecraft:blackstone":11,"croptopia:candied_kumquats":1,"chipped:inlayed_redstone_lamp":1,"minecraft:beef":4,"sophisticatedstorage:barrel":1,"minecraft:sugar_cane":4,"minecraft:spruce_trapdoor":1,"croptopia:cabbage_roll":66,"minecraft:raw_iron":96,"minecraft:stone":113,"create:hand_crank":2,"born_in_chaos_v1:pieceofdarkmetal":3,"minecraft:carrot":147,"minecraft:redstone":88,"minecraft:arrow":10,"minecraft:decorated_pot":3,"minecraft:deepslate_bricks":4,"minecraft:hay_block":2,"croptopia:sea_lettuce":1,"born_in_chaos_v1:corpse_maggot":6,"minecraft:basalt":21,"mekanism:raw_lead":8,"minecraft:glow_ink_sac":3,"minecraft:salmon":1,"minecraft:leather":1,"croptopia:glowing_calamari":1,"minecraft:oak_log":119,"kubejs:incomplete_cavoid":2,"minecraft:cobblestone_wall":1,"minecraft:gunpowder":2,"simpletomb:grave_key":4,"functionalstorage:storage_controller":1,"minecraft:red_nether_brick_stairs":1,"minecraft:apple":9,"minecraft:stone_bricks":1,"minecraft:iron_ingot":26,"minecraft:stone_pickaxe":3,"toms_storage:ts.wireless_terminal":2,"minecraft:iron_sword":1,"create:mechanical_saw":1,"dankstorage:dank_1":1,"minecraft:emerald_block":1,"croptopia:starfruit":3,"born_in_chaos_v1:ethereal_spirit":4,"minecraft:quartz":16,"minecraft:gravel":122,"minecraft:amethyst_shard":48,"minecraft:soul_torch":1,"mekanism:raw_osmium":19,"minecraft:spider_eye":3,"minecraft:slime_ball":1,"minecraft:stone_axe":1,"create:zinc_nugget":8,"mekanism:fluorite_gem":53,"minecraft:warped_roots":1,"minecraft:warped_nylium":1,"immersiveengineering:raw_silver":13,"minecraft:coal":185,"botanypots:terracotta_botany_pot":1,"minecraft:ender_pearl":2},"minecraft:killed_by":{"minecraft:creeper":3,"minecraft:piglin":1,"mekanismadditions:baby_skeleton":4,"minecraft:blaze":3,"minecraft:zombie":1,"born_in_chaos_v1:scarlet_persecutor":3,"minecraft:player":1,"minecraft:spider":2,"born_in_chaos_v1:bone_imp":1,"minecraft:enderman":1,"born_in_chaos_v1:firelight":3,"minecraft:skeleton":1},"minecraft:dropped":{"minecraft:clay":6,"minecraft:iron_sword":1,"croptopia:water_bottle":208,"minecraft:oak_log":14,"minecraft:glow_ink_sac":3,"minecraft:diamond":3,"minecraft:leather":1,"minecraft:flint":1,"minecraft:emerald":1,"twigs:pebble":43,"minecraft:cyan_terracotta":1,"minecraft:dirt":2,"minecraft:gray_concrete":1,"minecraft:crimson_roots":20,"minecraft:amethyst_shard":44,"minecraft:bone_meal":10,"ftbquests:book":1,"quark:oak_chest":1,"croptopia:soybean":1,"twigs:twig":1,"minecraft:bone":4,"minecraft:gravel":11,"mekanism:ingot_osmium":1,"immersiveengineering:plate_iron":1,"minecraft:cobbled_deepslate":331,"minecraft:rotten_flesh":14,"minecraft:oak_planks":1,"minecraft:glowstone_dust":10,"minecraft:carrot":1,"kubejs:skyt_coin":1,"mysticalagriculture:inferium_essence":18,"born_in_chaos_v1:corpse_maggot":1,"born_in_chaos_v1:diamond_termite_shard":2,"kubejs:incomplete_cavoid":2,"minecraft:arrow":10,"minecraft:stone_brick_stairs":1,"minecraft:netherrack":4,"mekanism:fluorite_gem":5,"minecraft:water_bucket":1,"minecraft:iron_ingot":38,"minecraft:bread":1,"simpletomb:grave_key":3,"minecraft:cobblestone":308,"minecraft:amethyst_block":1,"minecraft:granite":8,"croptopia:cabbage":1,"minecraft:stick":2,"twigs:bloodstone":10,"minecraft:diorite":38,"mekanism:raw_osmium":4,"minecraft:iron_axe":1,"minecraft:polished_basalt":1,"minecraft:string":5,"minecraft:bucket":14,"croptopia:glowing_calamari":1,"minecraft:redstone":67,"twigs:rhyolite":1,"minecraft:warped_nylium":1,"minecraft:tuff":64,"croptopia:cabbage_seed":4,"toms_storage:ts.wireless_terminal":1,"minecraft:big_dripleaf":2,"minecraft:flower_pot":14,"minecraft:stone":57,"minecraft:shield":1,"minecraft:diamond_pickaxe":1,"minecraft:andesite":87,"minecraft:oak_sapling":1,"minecraft:spider_eye":3,"minecraft:stone_pickaxe":2,"minecraft:calcite":1,"minecraft:quartz_slab":2},"minecraft:custom":{"lootr:looted_stat":13,"minecraft:interact_with_crafting_table":67,"minecraft:open_barrel":119,"minecraft:leave_game":7,"minecraft:time_since_death":5868,"minecraft:damage_resisted":3529,"minecraft:sprint_one_cm":801067,"minecraft:damage_blocked_by_shield":2240,"minecraft:drop":232,"minecraft:play_time":791203,"minecraft:deaths":26,"minecraft:jump":8896,"minecraft:interact_with_brewingstand":3,"minecraft:walk_on_water_one_cm":90618,"minecraft:interact_with_furnace":23,"minecraft:interact_with_cartography_table":1,"minecraft:sleep_in_bed":3,"minecraft:waystone_activated":2,"minecraft:damage_dealt":24009,"minecraft:player_kills":1,"minecraft:crouch_one_cm":109686,"minecraft:interact_with_smoker":17,"minecraft:interact_with_smithing_table":2,"minecraft:mob_kills":114,"minecraft:inspect_hopper":8,"minecraft:damage_dealt_resisted":53,"minecraft:climb_one_cm":13089,"minecraft:walk_one_cm":1261877,"minecraft:damage_dealt_absorbed":559,"minecraft:sneak_time":45416,"minecraft:walk_under_water_one_cm":5301,"minecraft:interact_with_blast_furnace":44,"minecraft:total_world_time":791203,"minecraft:pot_flower":7,"minecraft:interact_with_stonecutter":1,"minecraft:time_since_rest":5895,"minecraft:damage_taken":12489,"minecraft:swim_one_cm":850,"minecraft:fly_one_cm":1096705,"minecraft:open_chest":160,"minecraft:fall_one_cm":189930},"minecraft:killed":{"minecraft:spider":1,"born_in_chaos_v1:scarlet_persecutor":4,"minecraft:skeleton":6,"minecraft:piglin":5,"born_in_chaos_v1:diamond_termite":6,"minecraft:zombie_villager":1,"born_in_chaos_v1:bone_imp":3,"minecraft:creeper":3,"born_in_chaos_v1:zombie_fisherman":2,"minecraft:zombie":24,"born_in_chaos_v1:corpse_fly":1,"born_in_chaos_v1:door_knight":5,"minecraft:blaze":2,"minecraft:cow":2,"born_in_chaos_v1:firelight":21,"born_in_chaos_v1:maggot":11,"mekanismadditions:baby_skeleton":3,"born_in_chaos_v1:barrel_zombie":3,"born_in_chaos_v1:fallen_chaos_knight":2,"minecraft:hoglin":1,"born_in_chaos_v1:decrepit_skeleton":2,"born_in_chaos_v1:decaying_zombie":1,"minecraft:enderman":5},"minecraft:mined":{"minecraft:large_amethyst_bud":1,"minecraft:spruce_planks":1,"minecraft:oak_sapling":1,"create:andesite_casing":5,"minecraft:obsidian":15,"minecraft:granite":132,"minecraft:deepslate_bricks":4,"mysticalagriculture:inferium_ore":10,"minecraft:glowstone":10,"minecraft:red_nether_brick_stairs":1,"minecraft:iron_ore":44,"minecraft:cobbled_deepslate":16,"minecraft:fire":10,"immersiveengineering:deepslate_ore_silver":13,"minecraft:deepslate_lapis_ore":7,"minecraft:twisting_vines":1,"minecraft:iron_bars":2,"minecraft:quartz_slab":2,"mysticalagradditions:nether_prosperity_ore":5,"minecraft:iron_block":1,"create:mechanical_press":2,"minecraft:deepslate_redstone_ore":11,"mekanism:osmium_ore":10,"botanypots:terracotta_hopper_botany_pot":1,"minecraft:cyan_terracotta":3,"minecraft:blackstone":3,"botanypots:terracotta_botany_pot":2,"minecraft:twisting_vines_plant":1,"minecraft:crimson_nylium":101,"minecraft:amethyst_cluster":12,"minecraft:clay":133,"minecraft:torch":10,"minecraft:blast_furnace":1,"minecraft:calcite":1,"mekanism:tin_ore":15,"minecraft:nether_quartz_ore":16,"minecraft:cobblestone":25,"minecraft:oak_planks":1,"minecraft:damaged_anvil":1,"minecraft:wall_torch":3,"minecraft:amethyst_block":1,"minecraft:deepslate_copper_ore":2,"minecraft:warped_nylium":1,"mysticalagriculture:soulium_ore":3,"minecraft:stone_brick_stairs":1,"minecraft:oak_log":122,"create:hand_crank":1,"minecraft:dirt":126,"twigs:rhyolite":16,"minecraft:netherrack":266,"minecraft:oak_leaves":15,"mysticalagriculture:deepslate_inferium_ore":1,"minecraft:deepslate":50,"minecraft:emerald_block":1,"croptopia:cabbage_crop":2,"create:zinc_ore":14,"minecraft:nether_gold_ore":9,"minecraft:deepslate_diamond_ore":14,"mekanism:deepslate_osmium_ore":9,"minecraft:decorated_pot":4,"minecraft:crimson_roots":24,"chipped:inlayed_redstone_lamp":1,"minecraft:hay_block":3,"minecraft:redstone_ore":7,"minecraft:carrots":6,"minecraft:polished_basalt":1,"minecraft:andesite":110,"minecraft:gold_block":1,"minecraft:big_dripleaf_stem":10,"minecraft:deepslate_iron_ore":52,"minecraft:stone":1089,"mekanism:deepslate_lead_ore":8,"minecraft:gray_concrete":1,"functionalstorage:storage_controller":1,"minecraft:basalt":5,"minecraft:emerald_ore":2,"minecraft:warped_roots":1,"minecraft:copper_ore":11,"minecraft:lapis_ore":2,"minecraft:deepslate_gold_ore":15,"minecraft:polished_blackstone_brick_stairs":1,"minecraft:diorite":58,"minecraft:big_dripleaf":12,"sophisticatedstorage:barrel":1,"minecraft:cobblestone_wall":1,"twigs:bloodstone":11,"minecraft:coal_ore":179,"minecraft:gravel":92,"mekanism:deepslate_fluorite_ore":18,"minecraft:cobweb":2,"mekanism:deepslate_uranium_ore":9,"minecraft:small_dripleaf":2,"minecraft:chipped_anvil":1},"minecraft:crafted":{"minecraft:brick":30,"minecraft:smooth_stone":3,"minecraft:oak_planks":364,"functionalstorage:fluid_1":1,"mekanism:ingot_osmium":14,"botanypots:terracotta_hopper_botany_pot":1,"waystones:waystone":1,"minecraft:quartz_block":2,"minecraft:hopper":3,"minecraft:iron_boots":1,"minecraft:comparator":1,"minecraft:copper_block":2,"functionalstorage:configuration_tool":1,"minecraft:stone_bricks":4,"create:cogwheel":2,"functionalstorage:puller_upgrade":1,"minecraft:flower_pot":30,"immersiveengineering:ingot_aluminum":11,"minecraft:emerald":9,"minecraft:crafting_table":5,"minecraft:spruce_planks":8,"minecraft:iron_helmet":1,"croptopia:soybean_seed":1,"create:zinc_nugget":63,"minecraft:copper_ingot":77,"waystones:warp_stone":1,"create:mechanical_mixer":1,"mekanism:ingot_lead":8,"minecraft:iron_chestplate":1,"minecraft:paper":12,"minecraft:shield":2,"minecraft:stick":82,"quark:oak_chest":23,"minecraft:iron_ingot":69,"minecraft:iron_pickaxe":1,"minecraft:stone_sword":1,"minecraft:gold_ingot":31,"minecraft:redstone_torch":3,"akashictome:tome":2,"minecraft:furnace":1,"minecraft:blast_furnace":1,"minecraft:bone_meal":7,"mekanism:ingot_uranium":2,"functionalstorage:linking_tool":1,"minecraft:flint_and_steel":1,"minecraft:terracotta":64,"minecraft:iron_axe":1,"minecraft:ender_pearl":4,"minecraft:stone_pickaxe":16,"minecraft:cobblestone_wall":24,"functionalstorage:pusher_upgrade":1,"functionalstorage:oak_1":5,"minecraft:wheat":18,"minecraft:cooked_beef":4,"create:andesite_alloy":5,"functionalstorage:oak_4":12,"minecraft:iron_sword":1,"croptopia:water_bottle":178,"minecraft:bucket":1,"minecraft:stone_axe":1,"minecraft:glowstone":1,"minecraft:bread":6,"minecraft:air":0,"functionalstorage:copper_upgrade":1,"create:whisk":1,"minecraft:iron_leggings":1,"botanypots:terracotta_botany_pot":14,"functionalstorage:storage_controller":1,"minecraft:torch":80,"create:zinc_ingot":27,"minecraft:clay":112}},"DataVersion":3120}